StartDate,EndDate,Status,IPAddress,Progress,Duration (in seconds),Finished,RecordedDate,ResponseId,RecipientLastName,RecipientFirstName,RecipientEmail,ExternalReference,LocationLatitude,LocationLongitude,DistributionChannel,UserLanguage,Q4_1,Q4_2,Q4_3,Q4_4,Q4_5,Q4_6,Q4_7,Q4_8,Q4_9,Q4_10,Q6_1,Q6_2,Q6_3,Q6_4,Q6_5,Q6_6,Q6_7,Q6_8,Q6_9,Q6_10,Q8,Q9,Q9_3_TEXT,Q10,Q10_5_TEXT,Q11,Q12,Q13,Q15
Start Date,End Date,Response Type,IP Address,Progress,Duration (in seconds),Finished,Recorded Date,Response ID,Recipient Last Name,Recipient First Name,Recipient Email,External Data Reference,Location Latitude,Location Longitude,Distribution Channel,User Language,"Please write all the syllables you can remember, one in each box. - 1","Please write all the syllables you can remember, one in each box. - 2","Please write all the syllables you can remember, one in each box. - 3","Please write all the syllables you can remember, one in each box. - 4","Please write all the syllables you can remember, one in each box. - 5","Please write all the syllables you can remember, one in each box. - 6","Please write all the syllables you can remember, one in each box. - 7","Please write all the syllables you can remember, one in each box. - 8","Please write all the syllables you can remember, one in each box. - 9","Please write all the syllables you can remember, one in each box. - 10","Please write all the syllables you can remember from the SECOND, MOST RECENT video, one in each box. - 1","Please write all the syllables you can remember from the SECOND, MOST RECENT video, one in each box. - 2","Please write all the syllables you can remember from the SECOND, MOST RECENT video, one in each box. - 3","Please write all the syllables you can remember from the SECOND, MOST RECENT video, one in each box. - 4","Please write all the syllables you can remember from the SECOND, MOST RECENT video, one in each box. - 5","Please write all the syllables you can remember from the SECOND, MOST RECENT video, one in each box. - 6","Please write all the syllables you can remember from the SECOND, MOST RECENT video, one in each box. - 7","Please write all the syllables you can remember from the SECOND, MOST RECENT video, one in each box. - 8","Please write all the syllables you can remember from the SECOND, MOST RECENT video, one in each box. - 9","Please write all the syllables you can remember from the SECOND, MOST RECENT video, one in each box. - 10",What is your age?,What is your gender? - Selected Choice,What is your gender? - Other - Text,What is your highest education level (completed or currently pursuing)? - Selected Choice,What is your highest education level (completed or currently pursuing)? - Other - Text,Have you ever taken a psychology class?,Have you ever heard of the placebo effect?,How familiar are you with the placebo effect?,Please leave any comments or feedback in the box below.
"{""ImportId"":""startDate"",""timeZone"":""America/Denver""}","{""ImportId"":""endDate"",""timeZone"":""America/Denver""}","{""ImportId"":""status""}","{""ImportId"":""ipAddress""}","{""ImportId"":""progress""}","{""ImportId"":""duration""}","{""ImportId"":""finished""}","{""ImportId"":""recordedDate"",""timeZone"":""America/Denver""}","{""ImportId"":""_recordId""}","{""ImportId"":""recipientLastName""}","{""ImportId"":""recipientFirstName""}","{""ImportId"":""recipientEmail""}","{""ImportId"":""externalDataReference""}","{""ImportId"":""locationLatitude""}","{""ImportId"":""locationLongitude""}","{""ImportId"":""distributionChannel""}","{""ImportId"":""userLanguage""}","{""ImportId"":""QID4_1""}","{""ImportId"":""QID4_2""}","{""ImportId"":""QID4_3""}","{""ImportId"":""QID4_4""}","{""ImportId"":""QID4_5""}","{""ImportId"":""QID4_6""}","{""ImportId"":""QID4_7""}","{""ImportId"":""QID4_8""}","{""ImportId"":""QID4_9""}","{""ImportId"":""QID4_10""}","{""ImportId"":""QID6_1""}","{""ImportId"":""QID6_2""}","{""ImportId"":""QID6_3""}","{""ImportId"":""QID6_4""}","{""ImportId"":""QID6_5""}","{""ImportId"":""QID6_6""}","{""ImportId"":""QID6_7""}","{""ImportId"":""QID6_8""}","{""ImportId"":""QID6_9""}","{""ImportId"":""QID6_10""}","{""ImportId"":""QID8_TEXT""}","{""ImportId"":""QID9""}","{""ImportId"":""QID9_3_TEXT""}","{""ImportId"":""QID10""}","{""ImportId"":""QID10_5_TEXT""}","{""ImportId"":""QID11""}","{""ImportId"":""QID12""}","{""ImportId"":""QID13""}","{""ImportId"":""QID15_TEXT""}"
2020-03-20 21:25:51,2020-03-20 21:28:24,IP Address,108.221.23.163,100,152,True,2020-03-20 21:28:24,R_3Rq0LXXGXaA0a9c,,,,,37.212493896484375,-121.864105224609375,anonymous,EN,jex,fup,bej,,,,,,,,biw,nuv,kef,fav,jiv,,,,,,20,Female,,Currently attending or completed college,,Yes: only an introductory class,Yes,Extremely familiar,
2020-03-20 21:46:47,2020-03-20 21:49:43,IP Address,24.4.74.29,100,176,True,2020-03-20 21:49:44,R_3ETkdY01R4ZQkmL,,,,,37.5496978759765625,-121.96209716796875,anonymous,EN,mep,jih,jex,bej,fep,buw,,,,,jid,maf,biw,,,,,,,,15,Female,,Never finished high school,,"Yes: multiple classes, or upper-division classes",Yes,Slightly familiar,
2020-03-21 00:20:51,2020-03-21 00:26:30,IP Address,107.203.251.181,100,339,True,2020-03-21 00:26:31,R_VJqo4q1kYjB436x,,,,,37.7200927734375,-122.44139862060546875,anonymous,EN,buw,fep,dij,koj,fej,bep?,,,,,maj,biw,hep,jid,haj,,,,,,19,Female,,Currently attending or completed college,,"Yes: multiple classes, or upper-division classes",Yes,Very familiar,
2020-03-21 09:59:53,2020-03-21 10:06:39,IP Address,8.36.116.205,100,406,True,2020-03-21 10:06:40,R_2wLkjG3D6DksdDC,,,,,34.0543975830078125,-118.2440032958984375,anonymous,EN,FEP,BIJ,KOJ,BIW,FUP,,,,,,MAF,BIW,KEF,MEP,,,,,,,49,Female,,Currently attending or completed graduate study,,No,Yes,Moderately familiar,Good job
2020-03-21 10:36:34,2020-03-21 10:40:51,IP Address,24.4.74.29,100,257,True,2020-03-21 10:40:51,R_31vkpoxZhDciz3v,,,,,37.5496978759765625,-121.96209716796875,anonymous,EN,bej,koj,fup,buw,naf,jex,dij,,,,maf,haj,biw,kef,,,,,,,48,Male,,Currently attending or completed graduate study,,No,Yes,Moderately familiar,
2020-03-21 11:13:15,2020-03-21 11:15:59,IP Address,147.92.89.183,100,164,True,2020-03-21 11:15:59,R_2wAoXMozQTDDGaS,,,,,37.5496978759765625,-121.96209716796875,anonymous,EN,BEJ,NAF,,,,,,,,JIH,BIJ,,,,,,,,,MAF,15,Female,,Currently in or completed high school,,No,Yes,Extremely familiar,
2020-03-21 11:32:26,2020-03-21 11:35:19,IP Address,24.7.22.39,100,173,True,2020-03-21 11:35:19,R_ANbU3KOQVijrC25,,,,,37.5496978759765625,-121.96209716796875,anonymous,EN,BIJ,MEP,,,,,,FEP,JIH,MOP,BIJ,,,,,,,,,MAF,15,Male,,Currently in or completed high school,,No,Yes,Slightly familiar,
2020-03-21 12:04:00,2020-03-21 12:07:52,IP Address,73.202.118.41,100,231,True,2020-03-21 12:07:53,R_R8GWMgAbtiqR6N3,,,,,37.5496978759765625,-121.96209716796875,anonymous,EN,bej,"maf ",buw,jup,fep,,jex,,,,biw,"mif ",,hef,,"kew ",,,,,16,Female,,Currently in or completed high school,,No,Yes,Moderately familiar,
2020-03-21 12:16:32,2020-03-21 12:25:33,IP Address,73.189.63.96,100,541,True,2020-03-21 12:25:33,R_1eVvLQZs9QQPuZO,,,,,37.528106689453125,-121.97320556640625,anonymous,EN,BIJ,NEF,DHI,EAH,KOJ,NFP,HFZ,BWJ,DFH,CHT,"HUJ ","MAF ",DIV,KOJ,MIF,EAH,JIH,GCK,FIK,WHJ,15,Female,,Currently in or completed high school,,No,Yes,Extremely familiar,What impact does color have on memory if what you are asked to memorize has nothing to do with the colors you’ve seen?
2020-03-21 14:52:31,2020-03-21 15:12:39,IP Address,76.253.7.90,100,1207,True,2020-03-21 15:12:39,R_2uWZVE0KY5otcYw,,,,,37.6735992431640625,-122.09439849853515625,anonymous,EN,bej,nax,bij,,,,,,,,biw,nuv,,,,,,,,,20,Female,,Currently attending or completed college,,"Yes: multiple classes, or upper-division classes",Yes,Very familiar,
2020-03-21 16:24:33,2020-03-21 16:29:01,IP Address,104.220.176.252,100,267,True,2020-03-21 16:29:01,R_2Pcj3p6t75j3fQH,,,,,38.680999755859375,-121.7382049560546875,anonymous,EN,bej,NAF,WUF,,,,,,,,BIW,NUV,,,,,,,,,22,Male,,Currently attending or completed college,,"Yes: multiple classes, or upper-division classes",Yes,Extremely familiar,
2020-03-21 16:55:31,2020-03-21 16:59:16,IP Address,24.5.92.154,100,225,True,2020-03-21 16:59:16,R_1hM7qNeDbOZ3S4D,,,,,37.404296875,-122.074798583984375,anonymous,EN,Fep,,,,,,,,,,Faj,Kef,Maf,,,,,,,,43,Female,,Currently attending or completed graduate study,,Yes: only an introductory class,Yes,Slightly familiar,
2020-03-21 17:21:37,2020-03-21 17:31:25,IP Address,73.150.86.246,100,587,True,2020-03-21 17:31:25,R_3QSzkJ8Cm9XiNhf,,,,,40.641204833984375,-74.9087982177734375,anonymous,EN,Bij,Fep,Iku,,,,,,,,Fij,Bik,Nuf,Mva,Adf,,,,,Mag,58,Female,,Currently attending or completed graduate study,,No,Yes,Extremely familiar,
2020-03-21 17:56:09,2020-03-21 17:59:46,IP Address,73.150.86.246,100,217,True,2020-03-21 17:59:47,R_78ayJzIBjDwqA5r,,,,,40.641204833984375,-74.9087982177734375,anonymous,EN,bej,map,jih,fep,,,,,,,maf,haj,faj,biw,muf,,,,,,22,Female,,Currently attending or completed college,,"Yes: multiple classes, or upper-division classes",Yes,Moderately familiar,
2020-03-21 19:49:40,2020-03-21 19:53:40,IP Address,73.220.205.236,100,239,True,2020-03-21 19:53:41,R_3iszebaGMUXwFLq,,,,,38.02960205078125,-121.34600067138671875,anonymous,EN,bej,mup,,,,,,,,,biw,nuv,dej,nij,,,,,,,20,Female,,Currently attending or completed college,,Yes: only an introductory class,Yes,Very familiar,
2020-03-21 10:36:33,2020-03-21 20:15:23,IP Address,73.189.145.133,100,34730,True,2020-03-21 20:15:23,R_1hzfAv1cTZJ15Tv,,,,,37.84869384765625,-122.2209014892578125,anonymous,EN,hij,fep,duj,,,,,,,,biw,,,,,,,,,,49,Female,,Currently attending or completed graduate study,,No,Yes,Slightly familiar,
2020-03-22 11:34:07,2020-03-22 11:37:47,IP Address,70.181.198.108,100,220,True,2020-03-22 11:37:47,R_6VfFjsAZT0bO7Nn,,,,,33.210906982421875,-117.22320556640625,anonymous,EN,Bej,Koj,Fub,Jih,,,,,,,Jid,Biw,Feh,Doj,,,,,,,19,Female,,Currently attending or completed college,,"Yes: multiple classes, or upper-division classes",Yes,Extremely familiar,
2020-03-22 17:30:28,2020-03-22 17:39:01,IP Address,98.234.51.115,100,513,True,2020-03-22 17:39:02,R_31dE1NvcTzIAxVe,,,,,37.2808074951171875,-121.9571990966796875,anonymous,EN,BEJ,,,,,,,,,,MAF,BUV,,,,,,,,,51,Female,,Currently attending or completed college,,Yes: only an introductory class,No,Not familiar at all,
2020-03-24 15:31:26,2020-03-24 15:34:03,IP Address,73.225.173.237,100,157,True,2020-03-24 15:34:04,R_3PQQpHLdXCyKVYU,,,,,47.61309814453125,-122.20529937744140625,anonymous,EN,,,,,,,,,,,,,,,,,,,,,,,,,,,,,
2020-03-27 15:10:43,2020-03-27 15:12:48,IP Address,108.20.177.47,100,124,True,2020-03-27 15:12:48,R_3OkRgio0PbPalGk,,,,,42.310394287109375,-71.27410125732421875,anonymous,EN,fep,jeb,naf,buw,,,,,,jih,faj,nav,huv,biw,,,,,,,18,Female,,Currently attending or completed college,,Yes: only an introductory class,Yes,Very familiar,
2020-03-23 20:00:33,2020-03-29 14:43:01,IP Address,75.80.188.51,100,499347,True,2020-03-29 14:43:01,R_26bFVaoNRCiJlzk,,,,,32.966094970703125,-117.12020111083984375,anonymous,EN,fep,buw,bej,mep,jij,jix,fij,,,,biw,muj,dej,kaf,,kef,,,,maf,19,Female,,Currently attending or completed college,,"Yes: multiple classes, or upper-division classes",Yes,Extremely familiar,
2020-04-15 13:40:05,2020-04-15 13:45:35,IP Address,136.152.143.166,100,330,True,2020-04-15 13:45:35,R_1oAuZfsn56bgBnQ,,,,,37.87359619140625,-122.2570037841796875,anonymous,EN,fep,jex,jih,bsw,fup,,,,,,maf,foj,kiv,dej,bih,,,,,,25,Female,,Currently attending or completed college,,"Yes: multiple classes, or upper-division classes",Yes,Extremely familiar,
